1	1	EUR_AFR	pois2	indep	0.05	7.573169e-4	100000	200	100000	200	0
1	2	EUR_AFR	pois2	indep	0.05	7.573169e-4	100000	200	100000	200	0
1	3	EUR_AFR	pois2	indep	0.05	7.573169e-4	100000	200	100000	200	0
1	4	EUR_AFR	pois2	indep	0.05	7.573169e-4	100000	200	100000	200	0
1	5	EUR_AFR	pois2	indep	0.05	7.573169e-4	100000	200	100000	200	0
1	6	EUR_AFR	pois2	indep	0.05	7.573169e-4	100000	200	100000	200	0
1	7	EUR_AFR	pois2	indep	0.05	7.573169e-4	100000	200	100000	200	0
1	8	EUR_AFR	pois2	indep	0.05	7.573169e-4	100000	200	100000	200	0
1	9	EUR_AFR	pois2	indep	0.05	7.573169e-4	100000	200	100000	200	0
1	10	EUR_AFR	pois2	indep	0.05	7.573169e-4	100000	200	100000	200	0
1	11	EUR_AFR	pois2	indep	0.05	7.573169e-4	100000	200	100000	200	0
1	12	EUR_AFR	pois2	indep	0.05	7.573169e-4	100000	200	100000	200	0
1	13	EUR_AFR	pois2	indep	0.05	7.573169e-4	100000	200	100000	200	0
1	14	EUR_AFR	pois2	indep	0.05	7.573169e-4	100000	200	100000	200	0
1	15	EUR_AFR	pois2	indep	0.05	7.573169e-4	100000	200	100000	200	0
1	16	EUR_AFR	pois2	indep	0.05	7.573169e-4	100000	200	100000	200	0
1	17	EUR_AFR	pois2	indep	0.05	7.573169e-4	100000	200	100000	200	0
1	18	EUR_AFR	pois2	indep	0.05	7.573169e-4	100000	200	100000	200	0
1	19	EUR_AFR	pois2	indep	0.05	7.573169e-4	100000	200	100000	200	0
1	20	EUR_AFR	pois2	indep	0.05	7.573169e-4	100000	200	100000	200	0
1	21	EUR_AFR	pois2	indep	0.05	7.573169e-4	100000	200	100000	200	0
1	22	EUR_AFR	pois2	indep	0.05	7.573169e-4	100000	200	100000	200	0
1	23	EUR_AFR	pois2	indep	0.05	7.573169e-4	100000	200	100000	200	0
1	24	EUR_AFR	pois2	indep	0.05	7.573169e-4	100000	200	100000	200	0
1	25	EUR_AFR	pois2	indep	0.05	7.573169e-4	100000	200	100000	200	0
1	26	EUR_AFR	pois2	indep	0.05	7.573169e-4	100000	200	100000	200	0
1	27	EUR_AFR	pois2	indep	0.05	7.573169e-4	100000	200	100000	200	0
1	28	EUR_AFR	pois2	indep	0.05	7.573169e-4	100000	200	100000	200	0
1	29	EUR_AFR	pois2	indep	0.05	7.573169e-4	100000	200	100000	200	0
1	30	EUR_AFR	pois2	indep	0.05	7.573169e-4	100000	200	100000	200	0
1	31	EUR_AFR	pois2	indep	0.05	7.573169e-4	100000	200	100000	200	0
1	32	EUR_AFR	pois2	indep	0.05	7.573169e-4	100000	200	100000	200	0
1	33	EUR_AFR	pois2	indep	0.05	7.573169e-4	100000	200	100000	200	0
1	34	EUR_AFR	pois2	indep	0.05	7.573169e-4	100000	200	100000	200	0
1	35	EUR_AFR	pois2	indep	0.05	7.573169e-4	100000	200	100000	200	0
1	36	EUR_AFR	pois2	indep	0.05	7.573169e-4	100000	200	100000	200	0
1	37	EUR_AFR	pois2	indep	0.05	7.573169e-4	100000	200	100000	200	0
1	38	EUR_AFR	pois2	indep	0.05	7.573169e-4	100000	200	100000	200	0
1	39	EUR_AFR	pois2	indep	0.05	7.573169e-4	100000	200	100000	200	0
1	40	EUR_AFR	pois2	indep	0.05	7.573169e-4	100000	200	100000	200	0
1	41	EUR_AFR	pois2	indep	0.05	7.573169e-4	100000	200	100000	200	0
1	42	EUR_AFR	pois2	indep	0.05	7.573169e-4	100000	200	100000	200	0
1	43	EUR_AFR	pois2	indep	0.05	7.573169e-4	100000	200	100000	200	0
1	44	EUR_AFR	pois2	indep	0.05	7.573169e-4	100000	200	100000	200	0
1	45	EUR_AFR	pois2	indep	0.05	7.573169e-4	100000	200	100000	200	0
1	46	EUR_AFR	pois2	indep	0.05	7.573169e-4	100000	200	100000	200	0
1	47	EUR_AFR	pois2	indep	0.05	7.573169e-4	100000	200	100000	200	0
1	48	EUR_AFR	pois2	indep	0.05	7.573169e-4	100000	200	100000	200	0
1	49	EUR_AFR	pois2	indep	0.05	7.573169e-4	100000	200	100000	200	0
1	50	EUR_AFR	pois2	indep	0.05	7.573169e-4	100000	200	100000	200	0
1	51	EUR_AFR	pois2	indep	0.05	7.573169e-4	100000	200	100000	200	0
1	52	EUR_AFR	pois2	indep	0.05	7.573169e-4	100000	200	100000	200	0
1	53	EUR_AFR	pois2	indep	0.05	7.573169e-4	100000	200	100000	200	0
1	54	EUR_AFR	pois2	indep	0.05	7.573169e-4	100000	200	100000	200	0
1	55	EUR_AFR	pois2	indep	0.05	7.573169e-4	100000	200	100000	200	0
1	56	EUR_AFR	pois2	indep	0.05	7.573169e-4	100000	200	100000	200	0
1	57	EUR_AFR	pois2	indep	0.05	7.573169e-4	100000	200	100000	200	0
1	58	EUR_AFR	pois2	indep	0.05	7.573169e-4	100000	200	100000	200	0
1	59	EUR_AFR	pois2	indep	0.05	7.573169e-4	100000	200	100000	200	0
1	60	EUR_AFR	pois2	indep	0.05	7.573169e-4	100000	200	100000	200	0
1	61	EUR_AFR	pois2	indep	0.05	7.573169e-4	100000	200	100000	200	0
1	62	EUR_AFR	pois2	indep	0.05	7.573169e-4	100000	200	100000	200	0
1	63	EUR_AFR	pois2	indep	0.05	7.573169e-4	100000	200	100000	200	0
1	64	EUR_AFR	pois2	indep	0.05	7.573169e-4	100000	200	100000	200	0
1	65	EUR_AFR	pois2	indep	0.05	7.573169e-4	100000	200	100000	200	0
1	66	EUR_AFR	pois2	indep	0.05	7.573169e-4	100000	200	100000	200	0
1	67	EUR_AFR	pois2	indep	0.05	7.573169e-4	100000	200	100000	200	0
1	68	EUR_AFR	pois2	indep	0.05	7.573169e-4	100000	200	100000	200	0
1	69	EUR_AFR	pois2	indep	0.05	7.573169e-4	100000	200	100000	200	0
1	70	EUR_AFR	pois2	indep	0.05	7.573169e-4	100000	200	100000	200	0
1	71	EUR_AFR	pois2	indep	0.05	7.573169e-4	100000	200	100000	200	0
1	72	EUR_AFR	pois2	indep	0.05	7.573169e-4	100000	200	100000	200	0
1	73	EUR_AFR	pois2	indep	0.05	7.573169e-4	100000	200	100000	200	0
1	74	EUR_AFR	pois2	indep	0.05	7.573169e-4	100000	200	100000	200	0
1	75	EUR_AFR	pois2	indep	0.05	7.573169e-4	100000	200	100000	200	0
1	76	EUR_AFR	pois2	indep	0.05	7.573169e-4	100000	200	100000	200	0
1	77	EUR_AFR	pois2	indep	0.05	7.573169e-4	100000	200	100000	200	0
1	78	EUR_AFR	pois2	indep	0.05	7.573169e-4	100000	200	100000	200	0
1	79	EUR_AFR	pois2	indep	0.05	7.573169e-4	100000	200	100000	200	0
1	80	EUR_AFR	pois2	indep	0.05	7.573169e-4	100000	200	100000	200	0
1	81	EUR_AFR	pois2	indep	0.05	7.573169e-4	100000	200	100000	200	0
1	82	EUR_AFR	pois2	indep	0.05	7.573169e-4	100000	200	100000	200	0
1	83	EUR_AFR	pois2	indep	0.05	7.573169e-4	100000	200	100000	200	0
1	84	EUR_AFR	pois2	indep	0.05	7.573169e-4	100000	200	100000	200	0
1	85	EUR_AFR	pois2	indep	0.05	7.573169e-4	100000	200	100000	200	0
1	86	EUR_AFR	pois2	indep	0.05	7.573169e-4	100000	200	100000	200	0
1	87	EUR_AFR	pois2	indep	0.05	7.573169e-4	100000	200	100000	200	0
1	88	EUR_AFR	pois2	indep	0.05	7.573169e-4	100000	200	100000	200	0
1	89	EUR_AFR	pois2	indep	0.05	7.573169e-4	100000	200	100000	200	0
1	90	EUR_AFR	pois2	indep	0.05	7.573169e-4	100000	200	100000	200	0
1	91	EUR_AFR	pois2	indep	0.05	7.573169e-4	100000	200	100000	200	0
1	92	EUR_AFR	pois2	indep	0.05	7.573169e-4	100000	200	100000	200	0
1	93	EUR_AFR	pois2	indep	0.05	7.573169e-4	100000	200	100000	200	0
1	94	EUR_AFR	pois2	indep	0.05	7.573169e-4	100000	200	100000	200	0
1	95	EUR_AFR	pois2	indep	0.05	7.573169e-4	100000	200	100000	200	0
1	96	EUR_AFR	pois2	indep	0.05	7.573169e-4	100000	200	100000	200	0
1	97	EUR_AFR	pois2	indep	0.05	7.573169e-4	100000	200	100000	200	0
1	98	EUR_AFR	pois2	indep	0.05	7.573169e-4	100000	200	100000	200	0
1	99	EUR_AFR	pois2	indep	0.05	7.573169e-4	100000	200	100000	200	0
1	100	EUR_AFR	pois2	indep	0.05	7.573169e-4	100000	200	100000	200	0
2	1	EUR_AFR	pois2	indep	0.05	7.573169e-4	100000	200	100000	200	0.3
2	2	EUR_AFR	pois2	indep	0.05	7.573169e-4	100000	200	100000	200	0.3
2	3	EUR_AFR	pois2	indep	0.05	7.573169e-4	100000	200	100000	200	0.3
2	4	EUR_AFR	pois2	indep	0.05	7.573169e-4	100000	200	100000	200	0.3
2	5	EUR_AFR	pois2	indep	0.05	7.573169e-4	100000	200	100000	200	0.3
2	6	EUR_AFR	pois2	indep	0.05	7.573169e-4	100000	200	100000	200	0.3
2	7	EUR_AFR	pois2	indep	0.05	7.573169e-4	100000	200	100000	200	0.3
2	8	EUR_AFR	pois2	indep	0.05	7.573169e-4	100000	200	100000	200	0.3
2	9	EUR_AFR	pois2	indep	0.05	7.573169e-4	100000	200	100000	200	0.3
2	10	EUR_AFR	pois2	indep	0.05	7.573169e-4	100000	200	100000	200	0.3
2	11	EUR_AFR	pois2	indep	0.05	7.573169e-4	100000	200	100000	200	0.3
2	12	EUR_AFR	pois2	indep	0.05	7.573169e-4	100000	200	100000	200	0.3
2	13	EUR_AFR	pois2	indep	0.05	7.573169e-4	100000	200	100000	200	0.3
2	14	EUR_AFR	pois2	indep	0.05	7.573169e-4	100000	200	100000	200	0.3
2	15	EUR_AFR	pois2	indep	0.05	7.573169e-4	100000	200	100000	200	0.3
2	16	EUR_AFR	pois2	indep	0.05	7.573169e-4	100000	200	100000	200	0.3
2	17	EUR_AFR	pois2	indep	0.05	7.573169e-4	100000	200	100000	200	0.3
2	18	EUR_AFR	pois2	indep	0.05	7.573169e-4	100000	200	100000	200	0.3
2	19	EUR_AFR	pois2	indep	0.05	7.573169e-4	100000	200	100000	200	0.3
2	20	EUR_AFR	pois2	indep	0.05	7.573169e-4	100000	200	100000	200	0.3
2	21	EUR_AFR	pois2	indep	0.05	7.573169e-4	100000	200	100000	200	0.3
2	22	EUR_AFR	pois2	indep	0.05	7.573169e-4	100000	200	100000	200	0.3
2	23	EUR_AFR	pois2	indep	0.05	7.573169e-4	100000	200	100000	200	0.3
2	24	EUR_AFR	pois2	indep	0.05	7.573169e-4	100000	200	100000	200	0.3
2	25	EUR_AFR	pois2	indep	0.05	7.573169e-4	100000	200	100000	200	0.3
2	26	EUR_AFR	pois2	indep	0.05	7.573169e-4	100000	200	100000	200	0.3
2	27	EUR_AFR	pois2	indep	0.05	7.573169e-4	100000	200	100000	200	0.3
2	28	EUR_AFR	pois2	indep	0.05	7.573169e-4	100000	200	100000	200	0.3
2	29	EUR_AFR	pois2	indep	0.05	7.573169e-4	100000	200	100000	200	0.3
2	30	EUR_AFR	pois2	indep	0.05	7.573169e-4	100000	200	100000	200	0.3
2	31	EUR_AFR	pois2	indep	0.05	7.573169e-4	100000	200	100000	200	0.3
2	32	EUR_AFR	pois2	indep	0.05	7.573169e-4	100000	200	100000	200	0.3
2	33	EUR_AFR	pois2	indep	0.05	7.573169e-4	100000	200	100000	200	0.3
2	34	EUR_AFR	pois2	indep	0.05	7.573169e-4	100000	200	100000	200	0.3
2	35	EUR_AFR	pois2	indep	0.05	7.573169e-4	100000	200	100000	200	0.3
2	36	EUR_AFR	pois2	indep	0.05	7.573169e-4	100000	200	100000	200	0.3
2	37	EUR_AFR	pois2	indep	0.05	7.573169e-4	100000	200	100000	200	0.3
2	38	EUR_AFR	pois2	indep	0.05	7.573169e-4	100000	200	100000	200	0.3
2	39	EUR_AFR	pois2	indep	0.05	7.573169e-4	100000	200	100000	200	0.3
2	40	EUR_AFR	pois2	indep	0.05	7.573169e-4	100000	200	100000	200	0.3
2	41	EUR_AFR	pois2	indep	0.05	7.573169e-4	100000	200	100000	200	0.3
2	42	EUR_AFR	pois2	indep	0.05	7.573169e-4	100000	200	100000	200	0.3
2	43	EUR_AFR	pois2	indep	0.05	7.573169e-4	100000	200	100000	200	0.3
2	44	EUR_AFR	pois2	indep	0.05	7.573169e-4	100000	200	100000	200	0.3
2	45	EUR_AFR	pois2	indep	0.05	7.573169e-4	100000	200	100000	200	0.3
2	46	EUR_AFR	pois2	indep	0.05	7.573169e-4	100000	200	100000	200	0.3
2	47	EUR_AFR	pois2	indep	0.05	7.573169e-4	100000	200	100000	200	0.3
2	48	EUR_AFR	pois2	indep	0.05	7.573169e-4	100000	200	100000	200	0.3
2	49	EUR_AFR	pois2	indep	0.05	7.573169e-4	100000	200	100000	200	0.3
2	50	EUR_AFR	pois2	indep	0.05	7.573169e-4	100000	200	100000	200	0.3
2	51	EUR_AFR	pois2	indep	0.05	7.573169e-4	100000	200	100000	200	0.3
2	52	EUR_AFR	pois2	indep	0.05	7.573169e-4	100000	200	100000	200	0.3
2	53	EUR_AFR	pois2	indep	0.05	7.573169e-4	100000	200	100000	200	0.3
2	54	EUR_AFR	pois2	indep	0.05	7.573169e-4	100000	200	100000	200	0.3
2	55	EUR_AFR	pois2	indep	0.05	7.573169e-4	100000	200	100000	200	0.3
2	56	EUR_AFR	pois2	indep	0.05	7.573169e-4	100000	200	100000	200	0.3
2	57	EUR_AFR	pois2	indep	0.05	7.573169e-4	100000	200	100000	200	0.3
2	58	EUR_AFR	pois2	indep	0.05	7.573169e-4	100000	200	100000	200	0.3
2	59	EUR_AFR	pois2	indep	0.05	7.573169e-4	100000	200	100000	200	0.3
2	60	EUR_AFR	pois2	indep	0.05	7.573169e-4	100000	200	100000	200	0.3
2	61	EUR_AFR	pois2	indep	0.05	7.573169e-4	100000	200	100000	200	0.3
2	62	EUR_AFR	pois2	indep	0.05	7.573169e-4	100000	200	100000	200	0.3
2	63	EUR_AFR	pois2	indep	0.05	7.573169e-4	100000	200	100000	200	0.3
2	64	EUR_AFR	pois2	indep	0.05	7.573169e-4	100000	200	100000	200	0.3
2	65	EUR_AFR	pois2	indep	0.05	7.573169e-4	100000	200	100000	200	0.3
2	66	EUR_AFR	pois2	indep	0.05	7.573169e-4	100000	200	100000	200	0.3
2	67	EUR_AFR	pois2	indep	0.05	7.573169e-4	100000	200	100000	200	0.3
2	68	EUR_AFR	pois2	indep	0.05	7.573169e-4	100000	200	100000	200	0.3
2	69	EUR_AFR	pois2	indep	0.05	7.573169e-4	100000	200	100000	200	0.3
2	70	EUR_AFR	pois2	indep	0.05	7.573169e-4	100000	200	100000	200	0.3
2	71	EUR_AFR	pois2	indep	0.05	7.573169e-4	100000	200	100000	200	0.3
2	72	EUR_AFR	pois2	indep	0.05	7.573169e-4	100000	200	100000	200	0.3
2	73	EUR_AFR	pois2	indep	0.05	7.573169e-4	100000	200	100000	200	0.3
2	74	EUR_AFR	pois2	indep	0.05	7.573169e-4	100000	200	100000	200	0.3
2	75	EUR_AFR	pois2	indep	0.05	7.573169e-4	100000	200	100000	200	0.3
2	76	EUR_AFR	pois2	indep	0.05	7.573169e-4	100000	200	100000	200	0.3
2	77	EUR_AFR	pois2	indep	0.05	7.573169e-4	100000	200	100000	200	0.3
2	78	EUR_AFR	pois2	indep	0.05	7.573169e-4	100000	200	100000	200	0.3
2	79	EUR_AFR	pois2	indep	0.05	7.573169e-4	100000	200	100000	200	0.3
2	80	EUR_AFR	pois2	indep	0.05	7.573169e-4	100000	200	100000	200	0.3
2	81	EUR_AFR	pois2	indep	0.05	7.573169e-4	100000	200	100000	200	0.3
2	82	EUR_AFR	pois2	indep	0.05	7.573169e-4	100000	200	100000	200	0.3
2	83	EUR_AFR	pois2	indep	0.05	7.573169e-4	100000	200	100000	200	0.3
2	84	EUR_AFR	pois2	indep	0.05	7.573169e-4	100000	200	100000	200	0.3
2	85	EUR_AFR	pois2	indep	0.05	7.573169e-4	100000	200	100000	200	0.3
2	86	EUR_AFR	pois2	indep	0.05	7.573169e-4	100000	200	100000	200	0.3
2	87	EUR_AFR	pois2	indep	0.05	7.573169e-4	100000	200	100000	200	0.3
2	88	EUR_AFR	pois2	indep	0.05	7.573169e-4	100000	200	100000	200	0.3
2	89	EUR_AFR	pois2	indep	0.05	7.573169e-4	100000	200	100000	200	0.3
2	90	EUR_AFR	pois2	indep	0.05	7.573169e-4	100000	200	100000	200	0.3
2	91	EUR_AFR	pois2	indep	0.05	7.573169e-4	100000	200	100000	200	0.3
2	92	EUR_AFR	pois2	indep	0.05	7.573169e-4	100000	200	100000	200	0.3
2	93	EUR_AFR	pois2	indep	0.05	7.573169e-4	100000	200	100000	200	0.3
2	94	EUR_AFR	pois2	indep	0.05	7.573169e-4	100000	200	100000	200	0.3
2	95	EUR_AFR	pois2	indep	0.05	7.573169e-4	100000	200	100000	200	0.3
2	96	EUR_AFR	pois2	indep	0.05	7.573169e-4	100000	200	100000	200	0.3
2	97	EUR_AFR	pois2	indep	0.05	7.573169e-4	100000	200	100000	200	0.3
2	98	EUR_AFR	pois2	indep	0.05	7.573169e-4	100000	200	100000	200	0.3
2	99	EUR_AFR	pois2	indep	0.05	7.573169e-4	100000	200	100000	200	0.3
2	100	EUR_AFR	pois2	indep	0.05	7.573169e-4	100000	200	100000	200	0.3
3	1	EUR_AFR	pois2	indep	0.05	7.573169e-4	100000	200	100000	200	0.6
3	2	EUR_AFR	pois2	indep	0.05	7.573169e-4	100000	200	100000	200	0.6
3	3	EUR_AFR	pois2	indep	0.05	7.573169e-4	100000	200	100000	200	0.6
3	4	EUR_AFR	pois2	indep	0.05	7.573169e-4	100000	200	100000	200	0.6
3	5	EUR_AFR	pois2	indep	0.05	7.573169e-4	100000	200	100000	200	0.6
3	6	EUR_AFR	pois2	indep	0.05	7.573169e-4	100000	200	100000	200	0.6
3	7	EUR_AFR	pois2	indep	0.05	7.573169e-4	100000	200	100000	200	0.6
3	8	EUR_AFR	pois2	indep	0.05	7.573169e-4	100000	200	100000	200	0.6
3	9	EUR_AFR	pois2	indep	0.05	7.573169e-4	100000	200	100000	200	0.6
3	10	EUR_AFR	pois2	indep	0.05	7.573169e-4	100000	200	100000	200	0.6
3	11	EUR_AFR	pois2	indep	0.05	7.573169e-4	100000	200	100000	200	0.6
3	12	EUR_AFR	pois2	indep	0.05	7.573169e-4	100000	200	100000	200	0.6
3	13	EUR_AFR	pois2	indep	0.05	7.573169e-4	100000	200	100000	200	0.6
3	14	EUR_AFR	pois2	indep	0.05	7.573169e-4	100000	200	100000	200	0.6
3	15	EUR_AFR	pois2	indep	0.05	7.573169e-4	100000	200	100000	200	0.6
3	16	EUR_AFR	pois2	indep	0.05	7.573169e-4	100000	200	100000	200	0.6
3	17	EUR_AFR	pois2	indep	0.05	7.573169e-4	100000	200	100000	200	0.6
3	18	EUR_AFR	pois2	indep	0.05	7.573169e-4	100000	200	100000	200	0.6
3	19	EUR_AFR	pois2	indep	0.05	7.573169e-4	100000	200	100000	200	0.6
3	20	EUR_AFR	pois2	indep	0.05	7.573169e-4	100000	200	100000	200	0.6
3	21	EUR_AFR	pois2	indep	0.05	7.573169e-4	100000	200	100000	200	0.6
3	22	EUR_AFR	pois2	indep	0.05	7.573169e-4	100000	200	100000	200	0.6
3	23	EUR_AFR	pois2	indep	0.05	7.573169e-4	100000	200	100000	200	0.6
3	24	EUR_AFR	pois2	indep	0.05	7.573169e-4	100000	200	100000	200	0.6
3	25	EUR_AFR	pois2	indep	0.05	7.573169e-4	100000	200	100000	200	0.6
3	26	EUR_AFR	pois2	indep	0.05	7.573169e-4	100000	200	100000	200	0.6
3	27	EUR_AFR	pois2	indep	0.05	7.573169e-4	100000	200	100000	200	0.6
3	28	EUR_AFR	pois2	indep	0.05	7.573169e-4	100000	200	100000	200	0.6
3	29	EUR_AFR	pois2	indep	0.05	7.573169e-4	100000	200	100000	200	0.6
3	30	EUR_AFR	pois2	indep	0.05	7.573169e-4	100000	200	100000	200	0.6
3	31	EUR_AFR	pois2	indep	0.05	7.573169e-4	100000	200	100000	200	0.6
3	32	EUR_AFR	pois2	indep	0.05	7.573169e-4	100000	200	100000	200	0.6
3	33	EUR_AFR	pois2	indep	0.05	7.573169e-4	100000	200	100000	200	0.6
3	34	EUR_AFR	pois2	indep	0.05	7.573169e-4	100000	200	100000	200	0.6
3	35	EUR_AFR	pois2	indep	0.05	7.573169e-4	100000	200	100000	200	0.6
3	36	EUR_AFR	pois2	indep	0.05	7.573169e-4	100000	200	100000	200	0.6
3	37	EUR_AFR	pois2	indep	0.05	7.573169e-4	100000	200	100000	200	0.6
3	38	EUR_AFR	pois2	indep	0.05	7.573169e-4	100000	200	100000	200	0.6
3	39	EUR_AFR	pois2	indep	0.05	7.573169e-4	100000	200	100000	200	0.6
3	40	EUR_AFR	pois2	indep	0.05	7.573169e-4	100000	200	100000	200	0.6
3	41	EUR_AFR	pois2	indep	0.05	7.573169e-4	100000	200	100000	200	0.6
3	42	EUR_AFR	pois2	indep	0.05	7.573169e-4	100000	200	100000	200	0.6
3	43	EUR_AFR	pois2	indep	0.05	7.573169e-4	100000	200	100000	200	0.6
3	44	EUR_AFR	pois2	indep	0.05	7.573169e-4	100000	200	100000	200	0.6
3	45	EUR_AFR	pois2	indep	0.05	7.573169e-4	100000	200	100000	200	0.6
3	46	EUR_AFR	pois2	indep	0.05	7.573169e-4	100000	200	100000	200	0.6
3	47	EUR_AFR	pois2	indep	0.05	7.573169e-4	100000	200	100000	200	0.6
3	48	EUR_AFR	pois2	indep	0.05	7.573169e-4	100000	200	100000	200	0.6
3	49	EUR_AFR	pois2	indep	0.05	7.573169e-4	100000	200	100000	200	0.6
3	50	EUR_AFR	pois2	indep	0.05	7.573169e-4	100000	200	100000	200	0.6
3	51	EUR_AFR	pois2	indep	0.05	7.573169e-4	100000	200	100000	200	0.6
3	52	EUR_AFR	pois2	indep	0.05	7.573169e-4	100000	200	100000	200	0.6
3	53	EUR_AFR	pois2	indep	0.05	7.573169e-4	100000	200	100000	200	0.6
3	54	EUR_AFR	pois2	indep	0.05	7.573169e-4	100000	200	100000	200	0.6
3	55	EUR_AFR	pois2	indep	0.05	7.573169e-4	100000	200	100000	200	0.6
3	56	EUR_AFR	pois2	indep	0.05	7.573169e-4	100000	200	100000	200	0.6
3	57	EUR_AFR	pois2	indep	0.05	7.573169e-4	100000	200	100000	200	0.6
3	58	EUR_AFR	pois2	indep	0.05	7.573169e-4	100000	200	100000	200	0.6
3	59	EUR_AFR	pois2	indep	0.05	7.573169e-4	100000	200	100000	200	0.6
3	60	EUR_AFR	pois2	indep	0.05	7.573169e-4	100000	200	100000	200	0.6
3	61	EUR_AFR	pois2	indep	0.05	7.573169e-4	100000	200	100000	200	0.6
3	62	EUR_AFR	pois2	indep	0.05	7.573169e-4	100000	200	100000	200	0.6
3	63	EUR_AFR	pois2	indep	0.05	7.573169e-4	100000	200	100000	200	0.6
3	64	EUR_AFR	pois2	indep	0.05	7.573169e-4	100000	200	100000	200	0.6
3	65	EUR_AFR	pois2	indep	0.05	7.573169e-4	100000	200	100000	200	0.6
3	66	EUR_AFR	pois2	indep	0.05	7.573169e-4	100000	200	100000	200	0.6
3	67	EUR_AFR	pois2	indep	0.05	7.573169e-4	100000	200	100000	200	0.6
3	68	EUR_AFR	pois2	indep	0.05	7.573169e-4	100000	200	100000	200	0.6
3	69	EUR_AFR	pois2	indep	0.05	7.573169e-4	100000	200	100000	200	0.6
3	70	EUR_AFR	pois2	indep	0.05	7.573169e-4	100000	200	100000	200	0.6
3	71	EUR_AFR	pois2	indep	0.05	7.573169e-4	100000	200	100000	200	0.6
3	72	EUR_AFR	pois2	indep	0.05	7.573169e-4	100000	200	100000	200	0.6
3	73	EUR_AFR	pois2	indep	0.05	7.573169e-4	100000	200	100000	200	0.6
3	74	EUR_AFR	pois2	indep	0.05	7.573169e-4	100000	200	100000	200	0.6
3	75	EUR_AFR	pois2	indep	0.05	7.573169e-4	100000	200	100000	200	0.6
3	76	EUR_AFR	pois2	indep	0.05	7.573169e-4	100000	200	100000	200	0.6
3	77	EUR_AFR	pois2	indep	0.05	7.573169e-4	100000	200	100000	200	0.6
3	78	EUR_AFR	pois2	indep	0.05	7.573169e-4	100000	200	100000	200	0.6
3	79	EUR_AFR	pois2	indep	0.05	7.573169e-4	100000	200	100000	200	0.6
3	80	EUR_AFR	pois2	indep	0.05	7.573169e-4	100000	200	100000	200	0.6
3	81	EUR_AFR	pois2	indep	0.05	7.573169e-4	100000	200	100000	200	0.6
3	82	EUR_AFR	pois2	indep	0.05	7.573169e-4	100000	200	100000	200	0.6
3	83	EUR_AFR	pois2	indep	0.05	7.573169e-4	100000	200	100000	200	0.6
3	84	EUR_AFR	pois2	indep	0.05	7.573169e-4	100000	200	100000	200	0.6
3	85	EUR_AFR	pois2	indep	0.05	7.573169e-4	100000	200	100000	200	0.6
3	86	EUR_AFR	pois2	indep	0.05	7.573169e-4	100000	200	100000	200	0.6
3	87	EUR_AFR	pois2	indep	0.05	7.573169e-4	100000	200	100000	200	0.6
3	88	EUR_AFR	pois2	indep	0.05	7.573169e-4	100000	200	100000	200	0.6
3	89	EUR_AFR	pois2	indep	0.05	7.573169e-4	100000	200	100000	200	0.6
3	90	EUR_AFR	pois2	indep	0.05	7.573169e-4	100000	200	100000	200	0.6
3	91	EUR_AFR	pois2	indep	0.05	7.573169e-4	100000	200	100000	200	0.6
3	92	EUR_AFR	pois2	indep	0.05	7.573169e-4	100000	200	100000	200	0.6
3	93	EUR_AFR	pois2	indep	0.05	7.573169e-4	100000	200	100000	200	0.6
3	94	EUR_AFR	pois2	indep	0.05	7.573169e-4	100000	200	100000	200	0.6
3	95	EUR_AFR	pois2	indep	0.05	7.573169e-4	100000	200	100000	200	0.6
3	96	EUR_AFR	pois2	indep	0.05	7.573169e-4	100000	200	100000	200	0.6
3	97	EUR_AFR	pois2	indep	0.05	7.573169e-4	100000	200	100000	200	0.6
3	98	EUR_AFR	pois2	indep	0.05	7.573169e-4	100000	200	100000	200	0.6
3	99	EUR_AFR	pois2	indep	0.05	7.573169e-4	100000	200	100000	200	0.6
3	100	EUR_AFR	pois2	indep	0.05	7.573169e-4	100000	200	100000	200	0.6
4	1	EUR_AFR	pois2	indep	0.05	7.573169e-4	100000	200	100000	200	0.9
4	2	EUR_AFR	pois2	indep	0.05	7.573169e-4	100000	200	100000	200	0.9
4	3	EUR_AFR	pois2	indep	0.05	7.573169e-4	100000	200	100000	200	0.9
4	4	EUR_AFR	pois2	indep	0.05	7.573169e-4	100000	200	100000	200	0.9
4	5	EUR_AFR	pois2	indep	0.05	7.573169e-4	100000	200	100000	200	0.9
4	6	EUR_AFR	pois2	indep	0.05	7.573169e-4	100000	200	100000	200	0.9
4	7	EUR_AFR	pois2	indep	0.05	7.573169e-4	100000	200	100000	200	0.9
4	8	EUR_AFR	pois2	indep	0.05	7.573169e-4	100000	200	100000	200	0.9
4	9	EUR_AFR	pois2	indep	0.05	7.573169e-4	100000	200	100000	200	0.9
4	10	EUR_AFR	pois2	indep	0.05	7.573169e-4	100000	200	100000	200	0.9
4	11	EUR_AFR	pois2	indep	0.05	7.573169e-4	100000	200	100000	200	0.9
4	12	EUR_AFR	pois2	indep	0.05	7.573169e-4	100000	200	100000	200	0.9
4	13	EUR_AFR	pois2	indep	0.05	7.573169e-4	100000	200	100000	200	0.9
4	14	EUR_AFR	pois2	indep	0.05	7.573169e-4	100000	200	100000	200	0.9
4	15	EUR_AFR	pois2	indep	0.05	7.573169e-4	100000	200	100000	200	0.9
4	16	EUR_AFR	pois2	indep	0.05	7.573169e-4	100000	200	100000	200	0.9
4	17	EUR_AFR	pois2	indep	0.05	7.573169e-4	100000	200	100000	200	0.9
4	18	EUR_AFR	pois2	indep	0.05	7.573169e-4	100000	200	100000	200	0.9
4	19	EUR_AFR	pois2	indep	0.05	7.573169e-4	100000	200	100000	200	0.9
4	20	EUR_AFR	pois2	indep	0.05	7.573169e-4	100000	200	100000	200	0.9
4	21	EUR_AFR	pois2	indep	0.05	7.573169e-4	100000	200	100000	200	0.9
4	22	EUR_AFR	pois2	indep	0.05	7.573169e-4	100000	200	100000	200	0.9
4	23	EUR_AFR	pois2	indep	0.05	7.573169e-4	100000	200	100000	200	0.9
4	24	EUR_AFR	pois2	indep	0.05	7.573169e-4	100000	200	100000	200	0.9
4	25	EUR_AFR	pois2	indep	0.05	7.573169e-4	100000	200	100000	200	0.9
4	26	EUR_AFR	pois2	indep	0.05	7.573169e-4	100000	200	100000	200	0.9
4	27	EUR_AFR	pois2	indep	0.05	7.573169e-4	100000	200	100000	200	0.9
4	28	EUR_AFR	pois2	indep	0.05	7.573169e-4	100000	200	100000	200	0.9
4	29	EUR_AFR	pois2	indep	0.05	7.573169e-4	100000	200	100000	200	0.9
4	30	EUR_AFR	pois2	indep	0.05	7.573169e-4	100000	200	100000	200	0.9
4	31	EUR_AFR	pois2	indep	0.05	7.573169e-4	100000	200	100000	200	0.9
4	32	EUR_AFR	pois2	indep	0.05	7.573169e-4	100000	200	100000	200	0.9
4	33	EUR_AFR	pois2	indep	0.05	7.573169e-4	100000	200	100000	200	0.9
4	34	EUR_AFR	pois2	indep	0.05	7.573169e-4	100000	200	100000	200	0.9
4	35	EUR_AFR	pois2	indep	0.05	7.573169e-4	100000	200	100000	200	0.9
4	36	EUR_AFR	pois2	indep	0.05	7.573169e-4	100000	200	100000	200	0.9
4	37	EUR_AFR	pois2	indep	0.05	7.573169e-4	100000	200	100000	200	0.9
4	38	EUR_AFR	pois2	indep	0.05	7.573169e-4	100000	200	100000	200	0.9
4	39	EUR_AFR	pois2	indep	0.05	7.573169e-4	100000	200	100000	200	0.9
4	40	EUR_AFR	pois2	indep	0.05	7.573169e-4	100000	200	100000	200	0.9
4	41	EUR_AFR	pois2	indep	0.05	7.573169e-4	100000	200	100000	200	0.9
4	42	EUR_AFR	pois2	indep	0.05	7.573169e-4	100000	200	100000	200	0.9
4	43	EUR_AFR	pois2	indep	0.05	7.573169e-4	100000	200	100000	200	0.9
4	44	EUR_AFR	pois2	indep	0.05	7.573169e-4	100000	200	100000	200	0.9
4	45	EUR_AFR	pois2	indep	0.05	7.573169e-4	100000	200	100000	200	0.9
4	46	EUR_AFR	pois2	indep	0.05	7.573169e-4	100000	200	100000	200	0.9
4	47	EUR_AFR	pois2	indep	0.05	7.573169e-4	100000	200	100000	200	0.9
4	48	EUR_AFR	pois2	indep	0.05	7.573169e-4	100000	200	100000	200	0.9
4	49	EUR_AFR	pois2	indep	0.05	7.573169e-4	100000	200	100000	200	0.9
4	50	EUR_AFR	pois2	indep	0.05	7.573169e-4	100000	200	100000	200	0.9
4	51	EUR_AFR	pois2	indep	0.05	7.573169e-4	100000	200	100000	200	0.9
4	52	EUR_AFR	pois2	indep	0.05	7.573169e-4	100000	200	100000	200	0.9
4	53	EUR_AFR	pois2	indep	0.05	7.573169e-4	100000	200	100000	200	0.9
4	54	EUR_AFR	pois2	indep	0.05	7.573169e-4	100000	200	100000	200	0.9
4	55	EUR_AFR	pois2	indep	0.05	7.573169e-4	100000	200	100000	200	0.9
4	56	EUR_AFR	pois2	indep	0.05	7.573169e-4	100000	200	100000	200	0.9
4	57	EUR_AFR	pois2	indep	0.05	7.573169e-4	100000	200	100000	200	0.9
4	58	EUR_AFR	pois2	indep	0.05	7.573169e-4	100000	200	100000	200	0.9
4	59	EUR_AFR	pois2	indep	0.05	7.573169e-4	100000	200	100000	200	0.9
4	60	EUR_AFR	pois2	indep	0.05	7.573169e-4	100000	200	100000	200	0.9
4	61	EUR_AFR	pois2	indep	0.05	7.573169e-4	100000	200	100000	200	0.9
4	62	EUR_AFR	pois2	indep	0.05	7.573169e-4	100000	200	100000	200	0.9
4	63	EUR_AFR	pois2	indep	0.05	7.573169e-4	100000	200	100000	200	0.9
4	64	EUR_AFR	pois2	indep	0.05	7.573169e-4	100000	200	100000	200	0.9
4	65	EUR_AFR	pois2	indep	0.05	7.573169e-4	100000	200	100000	200	0.9
4	66	EUR_AFR	pois2	indep	0.05	7.573169e-4	100000	200	100000	200	0.9
4	67	EUR_AFR	pois2	indep	0.05	7.573169e-4	100000	200	100000	200	0.9
4	68	EUR_AFR	pois2	indep	0.05	7.573169e-4	100000	200	100000	200	0.9
4	69	EUR_AFR	pois2	indep	0.05	7.573169e-4	100000	200	100000	200	0.9
4	70	EUR_AFR	pois2	indep	0.05	7.573169e-4	100000	200	100000	200	0.9
4	71	EUR_AFR	pois2	indep	0.05	7.573169e-4	100000	200	100000	200	0.9
4	72	EUR_AFR	pois2	indep	0.05	7.573169e-4	100000	200	100000	200	0.9
4	73	EUR_AFR	pois2	indep	0.05	7.573169e-4	100000	200	100000	200	0.9
4	74	EUR_AFR	pois2	indep	0.05	7.573169e-4	100000	200	100000	200	0.9
4	75	EUR_AFR	pois2	indep	0.05	7.573169e-4	100000	200	100000	200	0.9
4	76	EUR_AFR	pois2	indep	0.05	7.573169e-4	100000	200	100000	200	0.9
4	77	EUR_AFR	pois2	indep	0.05	7.573169e-4	100000	200	100000	200	0.9
4	78	EUR_AFR	pois2	indep	0.05	7.573169e-4	100000	200	100000	200	0.9
4	79	EUR_AFR	pois2	indep	0.05	7.573169e-4	100000	200	100000	200	0.9
4	80	EUR_AFR	pois2	indep	0.05	7.573169e-4	100000	200	100000	200	0.9
4	81	EUR_AFR	pois2	indep	0.05	7.573169e-4	100000	200	100000	200	0.9
4	82	EUR_AFR	pois2	indep	0.05	7.573169e-4	100000	200	100000	200	0.9
4	83	EUR_AFR	pois2	indep	0.05	7.573169e-4	100000	200	100000	200	0.9
4	84	EUR_AFR	pois2	indep	0.05	7.573169e-4	100000	200	100000	200	0.9
4	85	EUR_AFR	pois2	indep	0.05	7.573169e-4	100000	200	100000	200	0.9
4	86	EUR_AFR	pois2	indep	0.05	7.573169e-4	100000	200	100000	200	0.9
4	87	EUR_AFR	pois2	indep	0.05	7.573169e-4	100000	200	100000	200	0.9
4	88	EUR_AFR	pois2	indep	0.05	7.573169e-4	100000	200	100000	200	0.9
4	89	EUR_AFR	pois2	indep	0.05	7.573169e-4	100000	200	100000	200	0.9
4	90	EUR_AFR	pois2	indep	0.05	7.573169e-4	100000	200	100000	200	0.9
4	91	EUR_AFR	pois2	indep	0.05	7.573169e-4	100000	200	100000	200	0.9
4	92	EUR_AFR	pois2	indep	0.05	7.573169e-4	100000	200	100000	200	0.9
4	93	EUR_AFR	pois2	indep	0.05	7.573169e-4	100000	200	100000	200	0.9
4	94	EUR_AFR	pois2	indep	0.05	7.573169e-4	100000	200	100000	200	0.9
4	95	EUR_AFR	pois2	indep	0.05	7.573169e-4	100000	200	100000	200	0.9
4	96	EUR_AFR	pois2	indep	0.05	7.573169e-4	100000	200	100000	200	0.9
4	97	EUR_AFR	pois2	indep	0.05	7.573169e-4	100000	200	100000	200	0.9
4	98	EUR_AFR	pois2	indep	0.05	7.573169e-4	100000	200	100000	200	0.9
4	99	EUR_AFR	pois2	indep	0.05	7.573169e-4	100000	200	100000	200	0.9
4	100	EUR_AFR	pois2	indep	0.05	7.573169e-4	100000	200	100000	200	0.9
5	1	EUR_AFR	pois2	shared	0.05	7.573169e-4	100000	200	100000	200	0
5	2	EUR_AFR	pois2	shared	0.05	7.573169e-4	100000	200	100000	200	0
5	3	EUR_AFR	pois2	shared	0.05	7.573169e-4	100000	200	100000	200	0
5	4	EUR_AFR	pois2	shared	0.05	7.573169e-4	100000	200	100000	200	0
5	5	EUR_AFR	pois2	shared	0.05	7.573169e-4	100000	200	100000	200	0
5	6	EUR_AFR	pois2	shared	0.05	7.573169e-4	100000	200	100000	200	0
5	7	EUR_AFR	pois2	shared	0.05	7.573169e-4	100000	200	100000	200	0
5	8	EUR_AFR	pois2	shared	0.05	7.573169e-4	100000	200	100000	200	0
5	9	EUR_AFR	pois2	shared	0.05	7.573169e-4	100000	200	100000	200	0
5	10	EUR_AFR	pois2	shared	0.05	7.573169e-4	100000	200	100000	200	0
5	11	EUR_AFR	pois2	shared	0.05	7.573169e-4	100000	200	100000	200	0
5	12	EUR_AFR	pois2	shared	0.05	7.573169e-4	100000	200	100000	200	0
5	13	EUR_AFR	pois2	shared	0.05	7.573169e-4	100000	200	100000	200	0
5	14	EUR_AFR	pois2	shared	0.05	7.573169e-4	100000	200	100000	200	0
5	15	EUR_AFR	pois2	shared	0.05	7.573169e-4	100000	200	100000	200	0
5	16	EUR_AFR	pois2	shared	0.05	7.573169e-4	100000	200	100000	200	0
5	17	EUR_AFR	pois2	shared	0.05	7.573169e-4	100000	200	100000	200	0
5	18	EUR_AFR	pois2	shared	0.05	7.573169e-4	100000	200	100000	200	0
5	19	EUR_AFR	pois2	shared	0.05	7.573169e-4	100000	200	100000	200	0
5	20	EUR_AFR	pois2	shared	0.05	7.573169e-4	100000	200	100000	200	0
5	21	EUR_AFR	pois2	shared	0.05	7.573169e-4	100000	200	100000	200	0
5	22	EUR_AFR	pois2	shared	0.05	7.573169e-4	100000	200	100000	200	0
5	23	EUR_AFR	pois2	shared	0.05	7.573169e-4	100000	200	100000	200	0
5	24	EUR_AFR	pois2	shared	0.05	7.573169e-4	100000	200	100000	200	0
5	25	EUR_AFR	pois2	shared	0.05	7.573169e-4	100000	200	100000	200	0
5	26	EUR_AFR	pois2	shared	0.05	7.573169e-4	100000	200	100000	200	0
5	27	EUR_AFR	pois2	shared	0.05	7.573169e-4	100000	200	100000	200	0
5	28	EUR_AFR	pois2	shared	0.05	7.573169e-4	100000	200	100000	200	0
5	29	EUR_AFR	pois2	shared	0.05	7.573169e-4	100000	200	100000	200	0
5	30	EUR_AFR	pois2	shared	0.05	7.573169e-4	100000	200	100000	200	0
5	31	EUR_AFR	pois2	shared	0.05	7.573169e-4	100000	200	100000	200	0
5	32	EUR_AFR	pois2	shared	0.05	7.573169e-4	100000	200	100000	200	0
5	33	EUR_AFR	pois2	shared	0.05	7.573169e-4	100000	200	100000	200	0
5	34	EUR_AFR	pois2	shared	0.05	7.573169e-4	100000	200	100000	200	0
5	35	EUR_AFR	pois2	shared	0.05	7.573169e-4	100000	200	100000	200	0
5	36	EUR_AFR	pois2	shared	0.05	7.573169e-4	100000	200	100000	200	0
5	37	EUR_AFR	pois2	shared	0.05	7.573169e-4	100000	200	100000	200	0
5	38	EUR_AFR	pois2	shared	0.05	7.573169e-4	100000	200	100000	200	0
5	39	EUR_AFR	pois2	shared	0.05	7.573169e-4	100000	200	100000	200	0
5	40	EUR_AFR	pois2	shared	0.05	7.573169e-4	100000	200	100000	200	0
5	41	EUR_AFR	pois2	shared	0.05	7.573169e-4	100000	200	100000	200	0
5	42	EUR_AFR	pois2	shared	0.05	7.573169e-4	100000	200	100000	200	0
5	43	EUR_AFR	pois2	shared	0.05	7.573169e-4	100000	200	100000	200	0
5	44	EUR_AFR	pois2	shared	0.05	7.573169e-4	100000	200	100000	200	0
5	45	EUR_AFR	pois2	shared	0.05	7.573169e-4	100000	200	100000	200	0
5	46	EUR_AFR	pois2	shared	0.05	7.573169e-4	100000	200	100000	200	0
5	47	EUR_AFR	pois2	shared	0.05	7.573169e-4	100000	200	100000	200	0
5	48	EUR_AFR	pois2	shared	0.05	7.573169e-4	100000	200	100000	200	0
5	49	EUR_AFR	pois2	shared	0.05	7.573169e-4	100000	200	100000	200	0
5	50	EUR_AFR	pois2	shared	0.05	7.573169e-4	100000	200	100000	200	0
5	51	EUR_AFR	pois2	shared	0.05	7.573169e-4	100000	200	100000	200	0
5	52	EUR_AFR	pois2	shared	0.05	7.573169e-4	100000	200	100000	200	0
5	53	EUR_AFR	pois2	shared	0.05	7.573169e-4	100000	200	100000	200	0
5	54	EUR_AFR	pois2	shared	0.05	7.573169e-4	100000	200	100000	200	0
5	55	EUR_AFR	pois2	shared	0.05	7.573169e-4	100000	200	100000	200	0
5	56	EUR_AFR	pois2	shared	0.05	7.573169e-4	100000	200	100000	200	0
5	57	EUR_AFR	pois2	shared	0.05	7.573169e-4	100000	200	100000	200	0
5	58	EUR_AFR	pois2	shared	0.05	7.573169e-4	100000	200	100000	200	0
5	59	EUR_AFR	pois2	shared	0.05	7.573169e-4	100000	200	100000	200	0
5	60	EUR_AFR	pois2	shared	0.05	7.573169e-4	100000	200	100000	200	0
5	61	EUR_AFR	pois2	shared	0.05	7.573169e-4	100000	200	100000	200	0
5	62	EUR_AFR	pois2	shared	0.05	7.573169e-4	100000	200	100000	200	0
5	63	EUR_AFR	pois2	shared	0.05	7.573169e-4	100000	200	100000	200	0
5	64	EUR_AFR	pois2	shared	0.05	7.573169e-4	100000	200	100000	200	0
5	65	EUR_AFR	pois2	shared	0.05	7.573169e-4	100000	200	100000	200	0
5	66	EUR_AFR	pois2	shared	0.05	7.573169e-4	100000	200	100000	200	0
5	67	EUR_AFR	pois2	shared	0.05	7.573169e-4	100000	200	100000	200	0
5	68	EUR_AFR	pois2	shared	0.05	7.573169e-4	100000	200	100000	200	0
5	69	EUR_AFR	pois2	shared	0.05	7.573169e-4	100000	200	100000	200	0
5	70	EUR_AFR	pois2	shared	0.05	7.573169e-4	100000	200	100000	200	0
5	71	EUR_AFR	pois2	shared	0.05	7.573169e-4	100000	200	100000	200	0
5	72	EUR_AFR	pois2	shared	0.05	7.573169e-4	100000	200	100000	200	0
5	73	EUR_AFR	pois2	shared	0.05	7.573169e-4	100000	200	100000	200	0
5	74	EUR_AFR	pois2	shared	0.05	7.573169e-4	100000	200	100000	200	0
5	75	EUR_AFR	pois2	shared	0.05	7.573169e-4	100000	200	100000	200	0
5	76	EUR_AFR	pois2	shared	0.05	7.573169e-4	100000	200	100000	200	0
5	77	EUR_AFR	pois2	shared	0.05	7.573169e-4	100000	200	100000	200	0
5	78	EUR_AFR	pois2	shared	0.05	7.573169e-4	100000	200	100000	200	0
5	79	EUR_AFR	pois2	shared	0.05	7.573169e-4	100000	200	100000	200	0
5	80	EUR_AFR	pois2	shared	0.05	7.573169e-4	100000	200	100000	200	0
5	81	EUR_AFR	pois2	shared	0.05	7.573169e-4	100000	200	100000	200	0
5	82	EUR_AFR	pois2	shared	0.05	7.573169e-4	100000	200	100000	200	0
5	83	EUR_AFR	pois2	shared	0.05	7.573169e-4	100000	200	100000	200	0
5	84	EUR_AFR	pois2	shared	0.05	7.573169e-4	100000	200	100000	200	0
5	85	EUR_AFR	pois2	shared	0.05	7.573169e-4	100000	200	100000	200	0
5	86	EUR_AFR	pois2	shared	0.05	7.573169e-4	100000	200	100000	200	0
5	87	EUR_AFR	pois2	shared	0.05	7.573169e-4	100000	200	100000	200	0
5	88	EUR_AFR	pois2	shared	0.05	7.573169e-4	100000	200	100000	200	0
5	89	EUR_AFR	pois2	shared	0.05	7.573169e-4	100000	200	100000	200	0
5	90	EUR_AFR	pois2	shared	0.05	7.573169e-4	100000	200	100000	200	0
5	91	EUR_AFR	pois2	shared	0.05	7.573169e-4	100000	200	100000	200	0
5	92	EUR_AFR	pois2	shared	0.05	7.573169e-4	100000	200	100000	200	0
5	93	EUR_AFR	pois2	shared	0.05	7.573169e-4	100000	200	100000	200	0
5	94	EUR_AFR	pois2	shared	0.05	7.573169e-4	100000	200	100000	200	0
5	95	EUR_AFR	pois2	shared	0.05	7.573169e-4	100000	200	100000	200	0
5	96	EUR_AFR	pois2	shared	0.05	7.573169e-4	100000	200	100000	200	0
5	97	EUR_AFR	pois2	shared	0.05	7.573169e-4	100000	200	100000	200	0
5	98	EUR_AFR	pois2	shared	0.05	7.573169e-4	100000	200	100000	200	0
5	99	EUR_AFR	pois2	shared	0.05	7.573169e-4	100000	200	100000	200	0
5	100	EUR_AFR	pois2	shared	0.05	7.573169e-4	100000	200	100000	200	0
6	1	EUR_AFR	pois2	shared	0.05	7.573169e-4	100000	200	100000	200	0.3
6	2	EUR_AFR	pois2	shared	0.05	7.573169e-4	100000	200	100000	200	0.3
6	3	EUR_AFR	pois2	shared	0.05	7.573169e-4	100000	200	100000	200	0.3
6	4	EUR_AFR	pois2	shared	0.05	7.573169e-4	100000	200	100000	200	0.3
6	5	EUR_AFR	pois2	shared	0.05	7.573169e-4	100000	200	100000	200	0.3
6	6	EUR_AFR	pois2	shared	0.05	7.573169e-4	100000	200	100000	200	0.3
6	7	EUR_AFR	pois2	shared	0.05	7.573169e-4	100000	200	100000	200	0.3
6	8	EUR_AFR	pois2	shared	0.05	7.573169e-4	100000	200	100000	200	0.3
6	9	EUR_AFR	pois2	shared	0.05	7.573169e-4	100000	200	100000	200	0.3
6	10	EUR_AFR	pois2	shared	0.05	7.573169e-4	100000	200	100000	200	0.3
6	11	EUR_AFR	pois2	shared	0.05	7.573169e-4	100000	200	100000	200	0.3
6	12	EUR_AFR	pois2	shared	0.05	7.573169e-4	100000	200	100000	200	0.3
6	13	EUR_AFR	pois2	shared	0.05	7.573169e-4	100000	200	100000	200	0.3
6	14	EUR_AFR	pois2	shared	0.05	7.573169e-4	100000	200	100000	200	0.3
6	15	EUR_AFR	pois2	shared	0.05	7.573169e-4	100000	200	100000	200	0.3
6	16	EUR_AFR	pois2	shared	0.05	7.573169e-4	100000	200	100000	200	0.3
6	17	EUR_AFR	pois2	shared	0.05	7.573169e-4	100000	200	100000	200	0.3
6	18	EUR_AFR	pois2	shared	0.05	7.573169e-4	100000	200	100000	200	0.3
6	19	EUR_AFR	pois2	shared	0.05	7.573169e-4	100000	200	100000	200	0.3
6	20	EUR_AFR	pois2	shared	0.05	7.573169e-4	100000	200	100000	200	0.3
6	21	EUR_AFR	pois2	shared	0.05	7.573169e-4	100000	200	100000	200	0.3
6	22	EUR_AFR	pois2	shared	0.05	7.573169e-4	100000	200	100000	200	0.3
6	23	EUR_AFR	pois2	shared	0.05	7.573169e-4	100000	200	100000	200	0.3
6	24	EUR_AFR	pois2	shared	0.05	7.573169e-4	100000	200	100000	200	0.3
6	25	EUR_AFR	pois2	shared	0.05	7.573169e-4	100000	200	100000	200	0.3
6	26	EUR_AFR	pois2	shared	0.05	7.573169e-4	100000	200	100000	200	0.3
6	27	EUR_AFR	pois2	shared	0.05	7.573169e-4	100000	200	100000	200	0.3
6	28	EUR_AFR	pois2	shared	0.05	7.573169e-4	100000	200	100000	200	0.3
6	29	EUR_AFR	pois2	shared	0.05	7.573169e-4	100000	200	100000	200	0.3
6	30	EUR_AFR	pois2	shared	0.05	7.573169e-4	100000	200	100000	200	0.3
6	31	EUR_AFR	pois2	shared	0.05	7.573169e-4	100000	200	100000	200	0.3
6	32	EUR_AFR	pois2	shared	0.05	7.573169e-4	100000	200	100000	200	0.3
6	33	EUR_AFR	pois2	shared	0.05	7.573169e-4	100000	200	100000	200	0.3
6	34	EUR_AFR	pois2	shared	0.05	7.573169e-4	100000	200	100000	200	0.3
6	35	EUR_AFR	pois2	shared	0.05	7.573169e-4	100000	200	100000	200	0.3
6	36	EUR_AFR	pois2	shared	0.05	7.573169e-4	100000	200	100000	200	0.3
6	37	EUR_AFR	pois2	shared	0.05	7.573169e-4	100000	200	100000	200	0.3
6	38	EUR_AFR	pois2	shared	0.05	7.573169e-4	100000	200	100000	200	0.3
6	39	EUR_AFR	pois2	shared	0.05	7.573169e-4	100000	200	100000	200	0.3
6	40	EUR_AFR	pois2	shared	0.05	7.573169e-4	100000	200	100000	200	0.3
6	41	EUR_AFR	pois2	shared	0.05	7.573169e-4	100000	200	100000	200	0.3
6	42	EUR_AFR	pois2	shared	0.05	7.573169e-4	100000	200	100000	200	0.3
6	43	EUR_AFR	pois2	shared	0.05	7.573169e-4	100000	200	100000	200	0.3
6	44	EUR_AFR	pois2	shared	0.05	7.573169e-4	100000	200	100000	200	0.3
6	45	EUR_AFR	pois2	shared	0.05	7.573169e-4	100000	200	100000	200	0.3
6	46	EUR_AFR	pois2	shared	0.05	7.573169e-4	100000	200	100000	200	0.3
6	47	EUR_AFR	pois2	shared	0.05	7.573169e-4	100000	200	100000	200	0.3
6	48	EUR_AFR	pois2	shared	0.05	7.573169e-4	100000	200	100000	200	0.3
6	49	EUR_AFR	pois2	shared	0.05	7.573169e-4	100000	200	100000	200	0.3
6	50	EUR_AFR	pois2	shared	0.05	7.573169e-4	100000	200	100000	200	0.3
6	51	EUR_AFR	pois2	shared	0.05	7.573169e-4	100000	200	100000	200	0.3
6	52	EUR_AFR	pois2	shared	0.05	7.573169e-4	100000	200	100000	200	0.3
6	53	EUR_AFR	pois2	shared	0.05	7.573169e-4	100000	200	100000	200	0.3
6	54	EUR_AFR	pois2	shared	0.05	7.573169e-4	100000	200	100000	200	0.3
6	55	EUR_AFR	pois2	shared	0.05	7.573169e-4	100000	200	100000	200	0.3
6	56	EUR_AFR	pois2	shared	0.05	7.573169e-4	100000	200	100000	200	0.3
6	57	EUR_AFR	pois2	shared	0.05	7.573169e-4	100000	200	100000	200	0.3
6	58	EUR_AFR	pois2	shared	0.05	7.573169e-4	100000	200	100000	200	0.3
6	59	EUR_AFR	pois2	shared	0.05	7.573169e-4	100000	200	100000	200	0.3
6	60	EUR_AFR	pois2	shared	0.05	7.573169e-4	100000	200	100000	200	0.3
6	61	EUR_AFR	pois2	shared	0.05	7.573169e-4	100000	200	100000	200	0.3
6	62	EUR_AFR	pois2	shared	0.05	7.573169e-4	100000	200	100000	200	0.3
6	63	EUR_AFR	pois2	shared	0.05	7.573169e-4	100000	200	100000	200	0.3
6	64	EUR_AFR	pois2	shared	0.05	7.573169e-4	100000	200	100000	200	0.3
6	65	EUR_AFR	pois2	shared	0.05	7.573169e-4	100000	200	100000	200	0.3
6	66	EUR_AFR	pois2	shared	0.05	7.573169e-4	100000	200	100000	200	0.3
6	67	EUR_AFR	pois2	shared	0.05	7.573169e-4	100000	200	100000	200	0.3
6	68	EUR_AFR	pois2	shared	0.05	7.573169e-4	100000	200	100000	200	0.3
6	69	EUR_AFR	pois2	shared	0.05	7.573169e-4	100000	200	100000	200	0.3
6	70	EUR_AFR	pois2	shared	0.05	7.573169e-4	100000	200	100000	200	0.3
6	71	EUR_AFR	pois2	shared	0.05	7.573169e-4	100000	200	100000	200	0.3
6	72	EUR_AFR	pois2	shared	0.05	7.573169e-4	100000	200	100000	200	0.3
6	73	EUR_AFR	pois2	shared	0.05	7.573169e-4	100000	200	100000	200	0.3
6	74	EUR_AFR	pois2	shared	0.05	7.573169e-4	100000	200	100000	200	0.3
6	75	EUR_AFR	pois2	shared	0.05	7.573169e-4	100000	200	100000	200	0.3
6	76	EUR_AFR	pois2	shared	0.05	7.573169e-4	100000	200	100000	200	0.3
6	77	EUR_AFR	pois2	shared	0.05	7.573169e-4	100000	200	100000	200	0.3
6	78	EUR_AFR	pois2	shared	0.05	7.573169e-4	100000	200	100000	200	0.3
6	79	EUR_AFR	pois2	shared	0.05	7.573169e-4	100000	200	100000	200	0.3
6	80	EUR_AFR	pois2	shared	0.05	7.573169e-4	100000	200	100000	200	0.3
6	81	EUR_AFR	pois2	shared	0.05	7.573169e-4	100000	200	100000	200	0.3
6	82	EUR_AFR	pois2	shared	0.05	7.573169e-4	100000	200	100000	200	0.3
6	83	EUR_AFR	pois2	shared	0.05	7.573169e-4	100000	200	100000	200	0.3
6	84	EUR_AFR	pois2	shared	0.05	7.573169e-4	100000	200	100000	200	0.3
6	85	EUR_AFR	pois2	shared	0.05	7.573169e-4	100000	200	100000	200	0.3
6	86	EUR_AFR	pois2	shared	0.05	7.573169e-4	100000	200	100000	200	0.3
6	87	EUR_AFR	pois2	shared	0.05	7.573169e-4	100000	200	100000	200	0.3
6	88	EUR_AFR	pois2	shared	0.05	7.573169e-4	100000	200	100000	200	0.3
6	89	EUR_AFR	pois2	shared	0.05	7.573169e-4	100000	200	100000	200	0.3
6	90	EUR_AFR	pois2	shared	0.05	7.573169e-4	100000	200	100000	200	0.3
6	91	EUR_AFR	pois2	shared	0.05	7.573169e-4	100000	200	100000	200	0.3
6	92	EUR_AFR	pois2	shared	0.05	7.573169e-4	100000	200	100000	200	0.3
6	93	EUR_AFR	pois2	shared	0.05	7.573169e-4	100000	200	100000	200	0.3
6	94	EUR_AFR	pois2	shared	0.05	7.573169e-4	100000	200	100000	200	0.3
6	95	EUR_AFR	pois2	shared	0.05	7.573169e-4	100000	200	100000	200	0.3
6	96	EUR_AFR	pois2	shared	0.05	7.573169e-4	100000	200	100000	200	0.3
6	97	EUR_AFR	pois2	shared	0.05	7.573169e-4	100000	200	100000	200	0.3
6	98	EUR_AFR	pois2	shared	0.05	7.573169e-4	100000	200	100000	200	0.3
6	99	EUR_AFR	pois2	shared	0.05	7.573169e-4	100000	200	100000	200	0.3
6	100	EUR_AFR	pois2	shared	0.05	7.573169e-4	100000	200	100000	200	0.3
7	1	EUR_AFR	pois2	shared	0.05	7.573169e-4	100000	200	100000	200	0.6
7	2	EUR_AFR	pois2	shared	0.05	7.573169e-4	100000	200	100000	200	0.6
7	3	EUR_AFR	pois2	shared	0.05	7.573169e-4	100000	200	100000	200	0.6
7	4	EUR_AFR	pois2	shared	0.05	7.573169e-4	100000	200	100000	200	0.6
7	5	EUR_AFR	pois2	shared	0.05	7.573169e-4	100000	200	100000	200	0.6
7	6	EUR_AFR	pois2	shared	0.05	7.573169e-4	100000	200	100000	200	0.6
7	7	EUR_AFR	pois2	shared	0.05	7.573169e-4	100000	200	100000	200	0.6
7	8	EUR_AFR	pois2	shared	0.05	7.573169e-4	100000	200	100000	200	0.6
7	9	EUR_AFR	pois2	shared	0.05	7.573169e-4	100000	200	100000	200	0.6
7	10	EUR_AFR	pois2	shared	0.05	7.573169e-4	100000	200	100000	200	0.6
7	11	EUR_AFR	pois2	shared	0.05	7.573169e-4	100000	200	100000	200	0.6
7	12	EUR_AFR	pois2	shared	0.05	7.573169e-4	100000	200	100000	200	0.6
7	13	EUR_AFR	pois2	shared	0.05	7.573169e-4	100000	200	100000	200	0.6
7	14	EUR_AFR	pois2	shared	0.05	7.573169e-4	100000	200	100000	200	0.6
7	15	EUR_AFR	pois2	shared	0.05	7.573169e-4	100000	200	100000	200	0.6
7	16	EUR_AFR	pois2	shared	0.05	7.573169e-4	100000	200	100000	200	0.6
7	17	EUR_AFR	pois2	shared	0.05	7.573169e-4	100000	200	100000	200	0.6
7	18	EUR_AFR	pois2	shared	0.05	7.573169e-4	100000	200	100000	200	0.6
7	19	EUR_AFR	pois2	shared	0.05	7.573169e-4	100000	200	100000	200	0.6
7	20	EUR_AFR	pois2	shared	0.05	7.573169e-4	100000	200	100000	200	0.6
7	21	EUR_AFR	pois2	shared	0.05	7.573169e-4	100000	200	100000	200	0.6
7	22	EUR_AFR	pois2	shared	0.05	7.573169e-4	100000	200	100000	200	0.6
7	23	EUR_AFR	pois2	shared	0.05	7.573169e-4	100000	200	100000	200	0.6
7	24	EUR_AFR	pois2	shared	0.05	7.573169e-4	100000	200	100000	200	0.6
7	25	EUR_AFR	pois2	shared	0.05	7.573169e-4	100000	200	100000	200	0.6
7	26	EUR_AFR	pois2	shared	0.05	7.573169e-4	100000	200	100000	200	0.6
7	27	EUR_AFR	pois2	shared	0.05	7.573169e-4	100000	200	100000	200	0.6
7	28	EUR_AFR	pois2	shared	0.05	7.573169e-4	100000	200	100000	200	0.6
7	29	EUR_AFR	pois2	shared	0.05	7.573169e-4	100000	200	100000	200	0.6
7	30	EUR_AFR	pois2	shared	0.05	7.573169e-4	100000	200	100000	200	0.6
7	31	EUR_AFR	pois2	shared	0.05	7.573169e-4	100000	200	100000	200	0.6
7	32	EUR_AFR	pois2	shared	0.05	7.573169e-4	100000	200	100000	200	0.6
7	33	EUR_AFR	pois2	shared	0.05	7.573169e-4	100000	200	100000	200	0.6
7	34	EUR_AFR	pois2	shared	0.05	7.573169e-4	100000	200	100000	200	0.6
7	35	EUR_AFR	pois2	shared	0.05	7.573169e-4	100000	200	100000	200	0.6
7	36	EUR_AFR	pois2	shared	0.05	7.573169e-4	100000	200	100000	200	0.6
7	37	EUR_AFR	pois2	shared	0.05	7.573169e-4	100000	200	100000	200	0.6
7	38	EUR_AFR	pois2	shared	0.05	7.573169e-4	100000	200	100000	200	0.6
7	39	EUR_AFR	pois2	shared	0.05	7.573169e-4	100000	200	100000	200	0.6
7	40	EUR_AFR	pois2	shared	0.05	7.573169e-4	100000	200	100000	200	0.6
7	41	EUR_AFR	pois2	shared	0.05	7.573169e-4	100000	200	100000	200	0.6
7	42	EUR_AFR	pois2	shared	0.05	7.573169e-4	100000	200	100000	200	0.6
7	43	EUR_AFR	pois2	shared	0.05	7.573169e-4	100000	200	100000	200	0.6
7	44	EUR_AFR	pois2	shared	0.05	7.573169e-4	100000	200	100000	200	0.6
7	45	EUR_AFR	pois2	shared	0.05	7.573169e-4	100000	200	100000	200	0.6
7	46	EUR_AFR	pois2	shared	0.05	7.573169e-4	100000	200	100000	200	0.6
7	47	EUR_AFR	pois2	shared	0.05	7.573169e-4	100000	200	100000	200	0.6
7	48	EUR_AFR	pois2	shared	0.05	7.573169e-4	100000	200	100000	200	0.6
7	49	EUR_AFR	pois2	shared	0.05	7.573169e-4	100000	200	100000	200	0.6
7	50	EUR_AFR	pois2	shared	0.05	7.573169e-4	100000	200	100000	200	0.6
7	51	EUR_AFR	pois2	shared	0.05	7.573169e-4	100000	200	100000	200	0.6
7	52	EUR_AFR	pois2	shared	0.05	7.573169e-4	100000	200	100000	200	0.6
7	53	EUR_AFR	pois2	shared	0.05	7.573169e-4	100000	200	100000	200	0.6
7	54	EUR_AFR	pois2	shared	0.05	7.573169e-4	100000	200	100000	200	0.6
7	55	EUR_AFR	pois2	shared	0.05	7.573169e-4	100000	200	100000	200	0.6
7	56	EUR_AFR	pois2	shared	0.05	7.573169e-4	100000	200	100000	200	0.6
7	57	EUR_AFR	pois2	shared	0.05	7.573169e-4	100000	200	100000	200	0.6
7	58	EUR_AFR	pois2	shared	0.05	7.573169e-4	100000	200	100000	200	0.6
7	59	EUR_AFR	pois2	shared	0.05	7.573169e-4	100000	200	100000	200	0.6
7	60	EUR_AFR	pois2	shared	0.05	7.573169e-4	100000	200	100000	200	0.6
7	61	EUR_AFR	pois2	shared	0.05	7.573169e-4	100000	200	100000	200	0.6
7	62	EUR_AFR	pois2	shared	0.05	7.573169e-4	100000	200	100000	200	0.6
7	63	EUR_AFR	pois2	shared	0.05	7.573169e-4	100000	200	100000	200	0.6
7	64	EUR_AFR	pois2	shared	0.05	7.573169e-4	100000	200	100000	200	0.6
7	65	EUR_AFR	pois2	shared	0.05	7.573169e-4	100000	200	100000	200	0.6
7	66	EUR_AFR	pois2	shared	0.05	7.573169e-4	100000	200	100000	200	0.6
7	67	EUR_AFR	pois2	shared	0.05	7.573169e-4	100000	200	100000	200	0.6
7	68	EUR_AFR	pois2	shared	0.05	7.573169e-4	100000	200	100000	200	0.6
7	69	EUR_AFR	pois2	shared	0.05	7.573169e-4	100000	200	100000	200	0.6
7	70	EUR_AFR	pois2	shared	0.05	7.573169e-4	100000	200	100000	200	0.6
7	71	EUR_AFR	pois2	shared	0.05	7.573169e-4	100000	200	100000	200	0.6
7	72	EUR_AFR	pois2	shared	0.05	7.573169e-4	100000	200	100000	200	0.6
7	73	EUR_AFR	pois2	shared	0.05	7.573169e-4	100000	200	100000	200	0.6
7	74	EUR_AFR	pois2	shared	0.05	7.573169e-4	100000	200	100000	200	0.6
7	75	EUR_AFR	pois2	shared	0.05	7.573169e-4	100000	200	100000	200	0.6
7	76	EUR_AFR	pois2	shared	0.05	7.573169e-4	100000	200	100000	200	0.6
7	77	EUR_AFR	pois2	shared	0.05	7.573169e-4	100000	200	100000	200	0.6
7	78	EUR_AFR	pois2	shared	0.05	7.573169e-4	100000	200	100000	200	0.6
7	79	EUR_AFR	pois2	shared	0.05	7.573169e-4	100000	200	100000	200	0.6
7	80	EUR_AFR	pois2	shared	0.05	7.573169e-4	100000	200	100000	200	0.6
7	81	EUR_AFR	pois2	shared	0.05	7.573169e-4	100000	200	100000	200	0.6
7	82	EUR_AFR	pois2	shared	0.05	7.573169e-4	100000	200	100000	200	0.6
7	83	EUR_AFR	pois2	shared	0.05	7.573169e-4	100000	200	100000	200	0.6
7	84	EUR_AFR	pois2	shared	0.05	7.573169e-4	100000	200	100000	200	0.6
7	85	EUR_AFR	pois2	shared	0.05	7.573169e-4	100000	200	100000	200	0.6
7	86	EUR_AFR	pois2	shared	0.05	7.573169e-4	100000	200	100000	200	0.6
7	87	EUR_AFR	pois2	shared	0.05	7.573169e-4	100000	200	100000	200	0.6
7	88	EUR_AFR	pois2	shared	0.05	7.573169e-4	100000	200	100000	200	0.6
7	89	EUR_AFR	pois2	shared	0.05	7.573169e-4	100000	200	100000	200	0.6
7	90	EUR_AFR	pois2	shared	0.05	7.573169e-4	100000	200	100000	200	0.6
7	91	EUR_AFR	pois2	shared	0.05	7.573169e-4	100000	200	100000	200	0.6
7	92	EUR_AFR	pois2	shared	0.05	7.573169e-4	100000	200	100000	200	0.6
7	93	EUR_AFR	pois2	shared	0.05	7.573169e-4	100000	200	100000	200	0.6
7	94	EUR_AFR	pois2	shared	0.05	7.573169e-4	100000	200	100000	200	0.6
7	95	EUR_AFR	pois2	shared	0.05	7.573169e-4	100000	200	100000	200	0.6
7	96	EUR_AFR	pois2	shared	0.05	7.573169e-4	100000	200	100000	200	0.6
7	97	EUR_AFR	pois2	shared	0.05	7.573169e-4	100000	200	100000	200	0.6
7	98	EUR_AFR	pois2	shared	0.05	7.573169e-4	100000	200	100000	200	0.6
7	99	EUR_AFR	pois2	shared	0.05	7.573169e-4	100000	200	100000	200	0.6
7	100	EUR_AFR	pois2	shared	0.05	7.573169e-4	100000	200	100000	200	0.6
8	1	EUR_AFR	pois2	shared	0.05	7.573169e-4	100000	200	100000	200	0.9
8	2	EUR_AFR	pois2	shared	0.05	7.573169e-4	100000	200	100000	200	0.9
8	3	EUR_AFR	pois2	shared	0.05	7.573169e-4	100000	200	100000	200	0.9
8	4	EUR_AFR	pois2	shared	0.05	7.573169e-4	100000	200	100000	200	0.9
8	5	EUR_AFR	pois2	shared	0.05	7.573169e-4	100000	200	100000	200	0.9
8	6	EUR_AFR	pois2	shared	0.05	7.573169e-4	100000	200	100000	200	0.9
8	7	EUR_AFR	pois2	shared	0.05	7.573169e-4	100000	200	100000	200	0.9
8	8	EUR_AFR	pois2	shared	0.05	7.573169e-4	100000	200	100000	200	0.9
8	9	EUR_AFR	pois2	shared	0.05	7.573169e-4	100000	200	100000	200	0.9
8	10	EUR_AFR	pois2	shared	0.05	7.573169e-4	100000	200	100000	200	0.9
8	11	EUR_AFR	pois2	shared	0.05	7.573169e-4	100000	200	100000	200	0.9
8	12	EUR_AFR	pois2	shared	0.05	7.573169e-4	100000	200	100000	200	0.9
8	13	EUR_AFR	pois2	shared	0.05	7.573169e-4	100000	200	100000	200	0.9
8	14	EUR_AFR	pois2	shared	0.05	7.573169e-4	100000	200	100000	200	0.9
8	15	EUR_AFR	pois2	shared	0.05	7.573169e-4	100000	200	100000	200	0.9
8	16	EUR_AFR	pois2	shared	0.05	7.573169e-4	100000	200	100000	200	0.9
8	17	EUR_AFR	pois2	shared	0.05	7.573169e-4	100000	200	100000	200	0.9
8	18	EUR_AFR	pois2	shared	0.05	7.573169e-4	100000	200	100000	200	0.9
8	19	EUR_AFR	pois2	shared	0.05	7.573169e-4	100000	200	100000	200	0.9
8	20	EUR_AFR	pois2	shared	0.05	7.573169e-4	100000	200	100000	200	0.9
8	21	EUR_AFR	pois2	shared	0.05	7.573169e-4	100000	200	100000	200	0.9
8	22	EUR_AFR	pois2	shared	0.05	7.573169e-4	100000	200	100000	200	0.9
8	23	EUR_AFR	pois2	shared	0.05	7.573169e-4	100000	200	100000	200	0.9
8	24	EUR_AFR	pois2	shared	0.05	7.573169e-4	100000	200	100000	200	0.9
8	25	EUR_AFR	pois2	shared	0.05	7.573169e-4	100000	200	100000	200	0.9
8	26	EUR_AFR	pois2	shared	0.05	7.573169e-4	100000	200	100000	200	0.9
8	27	EUR_AFR	pois2	shared	0.05	7.573169e-4	100000	200	100000	200	0.9
8	28	EUR_AFR	pois2	shared	0.05	7.573169e-4	100000	200	100000	200	0.9
8	29	EUR_AFR	pois2	shared	0.05	7.573169e-4	100000	200	100000	200	0.9
8	30	EUR_AFR	pois2	shared	0.05	7.573169e-4	100000	200	100000	200	0.9
8	31	EUR_AFR	pois2	shared	0.05	7.573169e-4	100000	200	100000	200	0.9
8	32	EUR_AFR	pois2	shared	0.05	7.573169e-4	100000	200	100000	200	0.9
8	33	EUR_AFR	pois2	shared	0.05	7.573169e-4	100000	200	100000	200	0.9
8	34	EUR_AFR	pois2	shared	0.05	7.573169e-4	100000	200	100000	200	0.9
8	35	EUR_AFR	pois2	shared	0.05	7.573169e-4	100000	200	100000	200	0.9
8	36	EUR_AFR	pois2	shared	0.05	7.573169e-4	100000	200	100000	200	0.9
8	37	EUR_AFR	pois2	shared	0.05	7.573169e-4	100000	200	100000	200	0.9
8	38	EUR_AFR	pois2	shared	0.05	7.573169e-4	100000	200	100000	200	0.9
8	39	EUR_AFR	pois2	shared	0.05	7.573169e-4	100000	200	100000	200	0.9
8	40	EUR_AFR	pois2	shared	0.05	7.573169e-4	100000	200	100000	200	0.9
8	41	EUR_AFR	pois2	shared	0.05	7.573169e-4	100000	200	100000	200	0.9
8	42	EUR_AFR	pois2	shared	0.05	7.573169e-4	100000	200	100000	200	0.9
8	43	EUR_AFR	pois2	shared	0.05	7.573169e-4	100000	200	100000	200	0.9
8	44	EUR_AFR	pois2	shared	0.05	7.573169e-4	100000	200	100000	200	0.9
8	45	EUR_AFR	pois2	shared	0.05	7.573169e-4	100000	200	100000	200	0.9
8	46	EUR_AFR	pois2	shared	0.05	7.573169e-4	100000	200	100000	200	0.9
8	47	EUR_AFR	pois2	shared	0.05	7.573169e-4	100000	200	100000	200	0.9
8	48	EUR_AFR	pois2	shared	0.05	7.573169e-4	100000	200	100000	200	0.9
8	49	EUR_AFR	pois2	shared	0.05	7.573169e-4	100000	200	100000	200	0.9
8	50	EUR_AFR	pois2	shared	0.05	7.573169e-4	100000	200	100000	200	0.9
8	51	EUR_AFR	pois2	shared	0.05	7.573169e-4	100000	200	100000	200	0.9
8	52	EUR_AFR	pois2	shared	0.05	7.573169e-4	100000	200	100000	200	0.9
8	53	EUR_AFR	pois2	shared	0.05	7.573169e-4	100000	200	100000	200	0.9
8	54	EUR_AFR	pois2	shared	0.05	7.573169e-4	100000	200	100000	200	0.9
8	55	EUR_AFR	pois2	shared	0.05	7.573169e-4	100000	200	100000	200	0.9
8	56	EUR_AFR	pois2	shared	0.05	7.573169e-4	100000	200	100000	200	0.9
8	57	EUR_AFR	pois2	shared	0.05	7.573169e-4	100000	200	100000	200	0.9
8	58	EUR_AFR	pois2	shared	0.05	7.573169e-4	100000	200	100000	200	0.9
8	59	EUR_AFR	pois2	shared	0.05	7.573169e-4	100000	200	100000	200	0.9
8	60	EUR_AFR	pois2	shared	0.05	7.573169e-4	100000	200	100000	200	0.9
8	61	EUR_AFR	pois2	shared	0.05	7.573169e-4	100000	200	100000	200	0.9
8	62	EUR_AFR	pois2	shared	0.05	7.573169e-4	100000	200	100000	200	0.9
8	63	EUR_AFR	pois2	shared	0.05	7.573169e-4	100000	200	100000	200	0.9
8	64	EUR_AFR	pois2	shared	0.05	7.573169e-4	100000	200	100000	200	0.9
8	65	EUR_AFR	pois2	shared	0.05	7.573169e-4	100000	200	100000	200	0.9
8	66	EUR_AFR	pois2	shared	0.05	7.573169e-4	100000	200	100000	200	0.9
8	67	EUR_AFR	pois2	shared	0.05	7.573169e-4	100000	200	100000	200	0.9
8	68	EUR_AFR	pois2	shared	0.05	7.573169e-4	100000	200	100000	200	0.9
8	69	EUR_AFR	pois2	shared	0.05	7.573169e-4	100000	200	100000	200	0.9
8	70	EUR_AFR	pois2	shared	0.05	7.573169e-4	100000	200	100000	200	0.9
8	71	EUR_AFR	pois2	shared	0.05	7.573169e-4	100000	200	100000	200	0.9
8	72	EUR_AFR	pois2	shared	0.05	7.573169e-4	100000	200	100000	200	0.9
8	73	EUR_AFR	pois2	shared	0.05	7.573169e-4	100000	200	100000	200	0.9
8	74	EUR_AFR	pois2	shared	0.05	7.573169e-4	100000	200	100000	200	0.9
8	75	EUR_AFR	pois2	shared	0.05	7.573169e-4	100000	200	100000	200	0.9
8	76	EUR_AFR	pois2	shared	0.05	7.573169e-4	100000	200	100000	200	0.9
8	77	EUR_AFR	pois2	shared	0.05	7.573169e-4	100000	200	100000	200	0.9
8	78	EUR_AFR	pois2	shared	0.05	7.573169e-4	100000	200	100000	200	0.9
8	79	EUR_AFR	pois2	shared	0.05	7.573169e-4	100000	200	100000	200	0.9
8	80	EUR_AFR	pois2	shared	0.05	7.573169e-4	100000	200	100000	200	0.9
8	81	EUR_AFR	pois2	shared	0.05	7.573169e-4	100000	200	100000	200	0.9
8	82	EUR_AFR	pois2	shared	0.05	7.573169e-4	100000	200	100000	200	0.9
8	83	EUR_AFR	pois2	shared	0.05	7.573169e-4	100000	200	100000	200	0.9
8	84	EUR_AFR	pois2	shared	0.05	7.573169e-4	100000	200	100000	200	0.9
8	85	EUR_AFR	pois2	shared	0.05	7.573169e-4	100000	200	100000	200	0.9
8	86	EUR_AFR	pois2	shared	0.05	7.573169e-4	100000	200	100000	200	0.9
8	87	EUR_AFR	pois2	shared	0.05	7.573169e-4	100000	200	100000	200	0.9
8	88	EUR_AFR	pois2	shared	0.05	7.573169e-4	100000	200	100000	200	0.9
8	89	EUR_AFR	pois2	shared	0.05	7.573169e-4	100000	200	100000	200	0.9
8	90	EUR_AFR	pois2	shared	0.05	7.573169e-4	100000	200	100000	200	0.9
8	91	EUR_AFR	pois2	shared	0.05	7.573169e-4	100000	200	100000	200	0.9
8	92	EUR_AFR	pois2	shared	0.05	7.573169e-4	100000	200	100000	200	0.9
8	93	EUR_AFR	pois2	shared	0.05	7.573169e-4	100000	200	100000	200	0.9
8	94	EUR_AFR	pois2	shared	0.05	7.573169e-4	100000	200	100000	200	0.9
8	95	EUR_AFR	pois2	shared	0.05	7.573169e-4	100000	200	100000	200	0.9
8	96	EUR_AFR	pois2	shared	0.05	7.573169e-4	100000	200	100000	200	0.9
8	97	EUR_AFR	pois2	shared	0.05	7.573169e-4	100000	200	100000	200	0.9
8	98	EUR_AFR	pois2	shared	0.05	7.573169e-4	100000	200	100000	200	0.9
8	99	EUR_AFR	pois2	shared	0.05	7.573169e-4	100000	200	100000	200	0.9
8	100	EUR_AFR	pois2	shared	0.05	7.573169e-4	100000	200	100000	200	0.9
